# VG Wort URL lock - PROVISIONAL. Derived from the built site, not from a
# T.O.M. export: it records where a mark RENDERS, never where it EARNS.
# No registered_url column by design - see ADR-0020. Gate A3 reads this in
# neutrality mode (does a change move a locked URL). Replaced by
# url-lock.csv at programme SS15, after which A3 checks correctness.
url,code,first_seen,content_sha
/acknowledgements/,1c2ab335257c4ac49fa98b46e8412b8f,2026-08-21,a614ba11a751a394
/appendices/common-errors/,00099581191e497bab13be8907d95a52,2026-08-21,4dfbeeced9ae05c0
/appendices/glossary/,001111be94ea4fdfb25f7218d00c7fa4,2026-08-21,1fdcc6821c0eaf8e
/appendices/skills-decision-tree/,00256953c3354316922af74639998a18,2026-08-21,e022426634811f18
/appendices/teaching-workflow/,0034e73a5f6e4c27b747c3bbcd10cfa0,2026-08-21,15b953518edfb28e
/appendices/writing-rubrics/,0062872c2dc9443caf1fe749bbccb94a,2026-08-21,0b9d4d3dd048372e
/bildungsplan/,0070e2f8329f4d94a5d1c94a53b6c559,2026-08-21,75ac4dd1ccd87097
/get-started/,0081d4975f5d4008b8c3c71aefcd3eb0,2026-08-21,66b5ca61e20851f5
/references/,008946c2f4dd49488499791869f4b411,2026-08-21,82dc45c0e9661efc
/schedule/,0096f96f15824ff4b1e15f917a9b85bb,2026-08-21,4de8358781b6f1bf
/track-e/kl05/units/unit01-hello-world-exam/,00d0609e489b44c8ba2a80859cd96607,2026-08-21,81f281067ec7d9c6
/track-e/kl05/units/unit01-hello-world/,00ce5ac12d7f46bfb977f6da49617adc,2026-08-21,055f1facde9820ef
/track-e/kl05/units/unit02-my-family-exam/,00f99c4e98bb45a2bda813cf02cf43ed,2026-08-21,9d07c2682454775a
/track-e/kl05/units/unit02-my-family/,00d8703a641a49df81f95f086058bc06,2026-08-21,6642216d815a6580
/track-e/kl05/units/unit03-home-and-room-exam/,00febaa46d364452b905887c275d4264,2026-08-21,ca7b062b38146ce4
/track-e/kl05/units/unit03-home-and-room/,00fbc7b79b6c41cfa4fb8e226aa78169,2026-08-21,956bca7e265f6e62
/track-e/kl05/units/unit04-school-day-exam/,0124bd0554da4fcf9783976dc511be2c,2026-08-21,cf46609bb7bdeafa
/track-e/kl05/units/unit04-school-day/,0102fb2b636e4d27ac364f2e3b6949c1,2026-08-21,1a24cd96075d576a
/track-e/kl05/units/unit05-food-and-drinks-exam/,0145a477cfd649eab575d7b4c95b69f5,2026-08-21,65cc6bf270f2de53
/track-e/kl05/units/unit05-food-and-drinks/,0144f7ea1b4c42aabc99e23ce13efb40,2026-08-21,88e4576b4e2fa72a
/track-e/kl05/units/unit06-animals-and-pets-exam/,0172c8d937044774927d0ab4b0bd3f5e,2026-08-21,6fea0586222a60de
/track-e/kl05/units/unit06-animals-and-pets/,016b913a7cc94fe08498fa0ff23b4d08,2026-08-21,54ecfccb40b9bddf
/track-e/kl05/units/unit07-weather-and-seasons-exam/,018ca34f009b478eac777c50ce8d1b1a,2026-08-21,577d840fdbb1eca9
/track-e/kl05/units/unit07-weather-and-seasons/,017b956dd0d64953acb568c60a6cdb00,2026-08-21,5701d4e7ab17c08f
/track-e/kl05/units/unit08-hobbies-and-sports-exam/,01b8d0342da947d6b4392c546ab96ce2,2026-08-21,72ed97708caadf09
/track-e/kl05/units/unit08-hobbies-and-sports/,01ad6e65a81d4dba81784b50429df014,2026-08-21,b00b73439a1ac76b
/track-e/kl05/units/unit09-birthday-and-friends-exam/,01e7ecc188e54a12a9d4cff549e691b0,2026-08-21,0b16a314ff728ec0
/track-e/kl05/units/unit09-birthday-and-friends/,01be19fa9f394e84ae85ec956418df29,2026-08-21,de1c873ffa3954c6
/track-e/kl05/units/unit10-a-day-in-london-exam/,020c3fd7bfd84d0eb8831664be3cc67f,2026-08-21,ac3311c88ef7ac2c
/track-e/kl05/units/unit10-a-day-in-london/,020bb00478144f1b9e98d9d507a22c4d,2026-08-21,f2695d17985c0a65
/track-e/kl05/units/unit11-clothes-and-colours-exam/,0213f8c7410e427a98b1e19e51204afd,2026-08-21,4803457596e74ca6
/track-e/kl05/units/unit11-clothes-and-colours/,020df7c622bd47a0a8545a7aaed0fc39,2026-08-21,2319678982d20af0
/track-e/kl05/units/unit12-review-and-show-exam/,021e47e0b2004103bab79226a60165b3,2026-08-21,aab51160c0df46ca
/track-e/kl05/units/unit12-review-and-show/,021778e1104844a0bc144d7e87b0e6fc,2026-08-21,15d33f06440dbf95
/track-e/kl06/units/unit01-a-new-year-at-school-exam/,027141142f7f45899232ff996d02055d,2026-08-21,f95c01b9752b210b
/track-e/kl06/units/unit01-a-new-year-at-school/,026ec0f667cf45dcb62eaeee030e97ee,2026-08-21,fb8db11a0aa10897
/track-e/kl06/units/unit02-on-holiday-exam/,02a013e856b949d99a695fad1bf090ae,2026-08-21,62532bd1bcab82e8
/track-e/kl06/units/unit02-on-holiday/,029f882608764ca7abdedd91be1acfdf,2026-08-21,196fe108816229bd
/track-e/kl06/units/unit03-in-the-city-exam/,02bd5087d83643ee94997d1b4ad5516d,2026-08-21,97bbc0db00ed98c2
/track-e/kl06/units/unit03-in-the-city/,02bc693e71b34140bea8e76a6cfb4207,2026-08-21,cbbfb617a456d91e
/track-e/kl06/units/unit04-food-around-the-world-exam/,02cdf9e8203f4c958334da84be0a371f,2026-08-21,990b393a42fa7074
/track-e/kl06/units/unit04-food-around-the-world/,02c1c9b0b535452d98b35102854ad56c,2026-08-21,a17492e7c748608f
/track-e/kl06/units/unit05-daily-routines-exam/,030f1dddb5524025b2fd97b944dc809d,2026-08-21,1744b89b5b916aec
/track-e/kl06/units/unit05-daily-routines/,02d05f78415f4c38a4bc97296065e763,2026-08-21,b17f1bf9061d4386
/track-e/kl06/units/unit06-friends-and-feelings-exam/,031bd0c1ebb849f1912ca1380913076b,2026-08-21,a8685254b7c08b46
/track-e/kl06/units/unit06-friends-and-feelings/,0310404165394ac3801ff1b21abf8763,2026-08-21,fcbac5bfb43d1fa7
/track-e/kl06/units/unit07-an-adventure-story-exam/,0342becac30848b19f2d979f66ffb2f4,2026-08-21,0069290c60c463bb
/track-e/kl06/units/unit07-an-adventure-story/,0324341669f14558ae160a02ccabd3e8,2026-08-21,d5f00c6d8c3f95c9
/track-e/kl06/units/unit08-school-around-the-world-exam/,036639ff640f4a17aef89bcc572859f5,2026-08-21,65b5b47537ede858
/track-e/kl06/units/unit08-school-around-the-world/,03596e8529c64aaeb83eaa3bc68ee93e,2026-08-21,c6f5b31548b8f11b
/track-e/kl06/units/unit09-body-and-health-exam/,0391f4372a854068a9ffb9ca9cf422b3,2026-08-21,d1ce72fb0700b7b1
/track-e/kl06/units/unit09-body-and-health/,0369d432207845f5990283e120e4cf6d,2026-08-21,d5fc92e0f5e775d5
/track-e/kl06/units/unit10-travelling-by-train-exam/,03b06d872b1944fc8739b60544be80ac,2026-08-21,1b4d51878c3357cf
/track-e/kl06/units/unit10-travelling-by-train/,039bcc22d3e84425b94a495025d88b49,2026-08-21,ad1e2468c6c8982b
/track-e/kl06/units/unit11-captain-codys-map-exam/,03db7ed0d1394bbbbe169c77e5dc67f8,2026-08-21,0938540df1510280
/track-e/kl06/units/unit11-captain-codys-map/,03bfa04ca49a4743a15c81985306c22f,2026-08-21,8a72554504d255bb
/track-e/kl06/units/unit12-year-end-festival-exam/,03eddd775f9f4db9bce229ca1d7c76d4,2026-08-21,2ddf80c94b27f162
/track-e/kl06/units/unit12-year-end-festival/,03e80f182d0c42bd8f81d25cc5aeb690,2026-08-21,1788b867810fb768
/track-e/kl07/units/unit01-first-day-back-exam/,0403c3c34da645fdacf65eb53b0e9106,2026-08-21,4ae8c2a098f32c9a
/track-e/kl07/units/unit01-first-day-back/,03fd8c29268e440cb15c0126998ea488,2026-08-21,23596da43c11af02
/track-e/kl07/units/unit02-growing-up-exam/,0455aead4a194b45b656bc45a135d26b,2026-08-21,8e6e922c78c08a94
/track-e/kl07/units/unit02-growing-up/,044d02510b4241b3987b1297d06838a1,2026-08-21,345fb0edbb000087
/track-e/kl07/units/unit03-media-in-our-lives-exam/,047fb4cd33344dd5ba22bedb161c33d8,2026-08-21,737132aa8baf4ac4
/track-e/kl07/units/unit03-media-in-our-lives/,045ec407ecac4502a5c1c4d6b0d6251c,2026-08-21,67d587866a6ec7dc
/track-e/kl07/units/unit04-a-trip-to-scotland-exam/,04b3c173ed7c4955b0d3cad388cd5448,2026-08-21,b922d46625118f05
/track-e/kl07/units/unit04-a-trip-to-scotland/,04a36ab02ba44278a2e0e40138fb6ac7,2026-08-21,923bad4d5c87841f
/track-e/kl07/units/unit05-the-united-states-today-exam/,04dfcc674ef0437686d5296d57add5af,2026-08-21,b70c9988b0cf0a28
/track-e/kl07/units/unit05-the-united-states-today/,04cb7032025c46e4b9e8309836f15650,2026-08-21,5b12c11c374781ab
/track-e/kl07/units/unit06-food-cultures-exam/,04f73b6534a0476484d31ce75d9eaa81,2026-08-21,fbb89266b534bd4a
/track-e/kl07/units/unit06-food-cultures/,04e8a6f8c3404d8b8366acd5234d87e5,2026-08-21,b6d48c3e709587f8
/track-e/kl07/units/unit07-being-a-friend-exam/,051814baed364734b15b215988555b2c,2026-08-21,9bdbefc99030c02b
/track-e/kl07/units/unit07-being-a-friend/,050c6520d49a4fe093228fe40aeb0cca,2026-08-21,d63a63ca9c499bd7
/track-e/kl07/units/unit08-first-mediation-exam/,05362dffd96d446c9124a13d9239eb30,2026-08-21,7cd4bf10307d33c6
/track-e/kl07/units/unit08-first-mediation/,0527690881b04ec68f15d5f3db55bbdb,2026-08-21,8453b7ee41901450
/track-e/kl07/units/unit09-school-rules-and-rights-exam/,0545d24de1864e5c9666c6029b0aeae3,2026-08-21,211cc1317a05dfb5
/track-e/kl07/units/unit09-school-rules-and-rights/,0538fded316f47c59c239c5bd87542f5,2026-08-21,ed147aa304b3fede
/track-e/kl07/units/unit10-a-short-story-exam/,054b2b91140b4b408674b886827166f7,2026-08-21,a96c05c080e3ab53
/track-e/kl07/units/unit10-a-short-story/,05465faf212e407da6797e82f933e745,2026-08-21,be1f96dbd11c59ef
/track-e/kl07/units/unit11-plans-for-the-summer-exam/,0576059a21f147f4a087859bf26023c8,2026-08-21,8b5c7091a8e83882
/track-e/kl07/units/unit11-plans-for-the-summer/,056046cb9f254003bbd5ba220842a860,2026-08-21,49e3e61513ed2bb7
/track-e/kl07/units/unit12-year-review-and-podcast-exam/,0586ba95200847288208ff1abdfd7f59,2026-08-21,b6a8c4da354be37a
/track-e/kl07/units/unit12-year-review-and-podcast/,05778d7955994b899f6dba1250e9289d,2026-08-21,c20f7faf4912c4ff
/track-e/kl08/units/unit01-identities-exam/,05f0030c2ca044f2ac6ced17de0b9f76,2026-08-21,652109a7ea79914e
/track-e/kl08/units/unit01-identities/,05ab0cd663f84c2592ed489675dc510b,2026-08-21,1a961187a52bddfc
/track-e/kl08/units/unit02-school-life-elsewhere-exam/,0621211444d444f5bfeb5a58a920c8f6,2026-08-21,f0be5bc4016754b0
/track-e/kl08/units/unit02-school-life-elsewhere/,060404d9934a43d3822b956efbe9481f,2026-08-21,beb8f5a9e7046c2c
/track-e/kl08/units/unit03-fairness-at-school-exam/,06488f8d373e42d2a6e7177a2ddddae5,2026-08-21,b0eac07a79ea3818
/track-e/kl08/units/unit03-fairness-at-school/,0634d9929e4d4a27aa56f082538348c6,2026-08-21,d821def39c7ceda8
/track-e/kl08/units/unit04-ireland-stories-exam/,06597fb18ed64877999c8d2eaa21bb0a,2026-08-21,a04d4a2b6fa716e4
/track-e/kl08/units/unit04-ireland-stories/,064d5b90072a4c628ddd40672267f855,2026-08-21,d213a744576b7014
/track-e/kl08/units/unit05-digital-friendships-exam/,066d766e645d4941823d68a6880828a2,2026-08-21,19cb8a28f77330ed
/track-e/kl08/units/unit05-digital-friendships/,065c459afbe14086847897a8af1fed31,2026-08-21,fb40e10fce57e57c
/track-e/kl08/units/unit06-opinion-writing-exam/,068ce9d0a40f44488ce9a95330c363e2,2026-08-21,830023bedff3400d
/track-e/kl08/units/unit06-opinion-writing/,06733045d1c74c77b3c7de5ebccd4257,2026-08-21,40bacd51913a9393
/track-e/kl08/units/unit07-teen-magazine-mediation-exam/,06ba9d2fe3bf457cb34d70415e47a296,2026-08-21,715030d6a071c025
/track-e/kl08/units/unit07-teen-magazine-mediation/,06abf21083de463994d915464d6fb948,2026-08-21,1631752d20112b61
/track-e/kl08/units/unit08-music-and-belonging-exam/,06cc94fe73dd4dd090b1a92fc92dcf18,2026-08-21,7ca0e55d149549ba
/track-e/kl08/units/unit08-music-and-belonging/,06c4032e137745b4a02b40513010876d,2026-08-21,b52b493d2a9cd212
/track-e/kl08/units/unit09-rural-and-urban-exam/,0720965b1c8641e9b730a6a023442e15,2026-08-21,b73a04b05ffbfd17
/track-e/kl08/units/unit09-rural-and-urban/,06fa6143b0724398a35f884114309982,2026-08-21,8815563f7ea4360d
/track-e/kl08/units/unit10-a-novella-in-class-exam/,072f3387b20d48158ce982f97f8e8628,2026-08-21,cd51cec1b36bbbb1
/track-e/kl08/units/unit10-a-novella-in-class/,0726b45db10346e9a6250b2ecff1b1e5,2026-08-21,faa93c4f5f3c86f3
/track-e/kl08/units/unit11-public-speaking-exam/,07487022de134bca9f3ff9d59cb75046,2026-08-21,aa2b8a1f71a55ce3
/track-e/kl08/units/unit11-public-speaking/,0747aeef3cc74895b2b4b6c249081a72,2026-08-21,0c8b9b95e6937806
/track-e/kl08/units/unit12-school-magazine-issue-exam/,075976059ca24436ad35d4acb5ff3409,2026-08-21,2ae60a64cf0e3bab
/track-e/kl08/units/unit12-school-magazine-issue/,074b2f8dfe7e4a45b581c0e39bced83f,2026-08-21,6b676c1c2f4fdaa6
/track-e/kl09/units/unit01-future-careers-exam/,077c5c46673c4f2aabf6bf00cd362ffb,2026-08-21,f77b3500416fb236
/track-e/kl09/units/unit01-future-careers/,077a7cae83364cddab22bc82d802e6d8,2026-08-21,69c592b859a461e8
/track-e/kl09/units/unit02-money-and-choices-exam/,07a6b9feebeb486ab9f11a1224f9ed32,2026-08-21,82bbae93d5a2b9b9
/track-e/kl09/units/unit02-money-and-choices/,0783ad6e0e4d43dfb2745af4c69b5b68,2026-08-21,1fc9e5c95db1e84f
/track-e/kl09/units/unit03-the-environment-locally-exam/,07e4ecf1f7f94abf985dd8138474072d,2026-08-21,01ebf5847961c2b0
/track-e/kl09/units/unit03-the-environment-locally/,07d7ee65c1634652b37fca1adf906e19,2026-08-21,81313269cc97f131
/track-e/kl09/units/unit04-canada-perspectives-exam/,080f979f34c44f0ea6ddc9ae3972a41c,2026-08-21,e4e9b5216571a1e3
/track-e/kl09/units/unit04-canada-perspectives/,07eedda069554b26b71da506362369e5,2026-08-21,d3155ba84c4e7d23
/track-e/kl09/units/unit05-media-literacy-exam/,0846b801f40f46448db4bf4acd241668,2026-08-21,490a5f9e1a33d9bd
/track-e/kl09/units/unit05-media-literacy/,081395b6189d4a5098285e468a4e9cfd,2026-08-21,7dcea4d97319cb13
/track-e/kl09/units/unit06-interview-and-portrait-exam/,085bcc8013c744c9aeb41d56b9365dec,2026-08-21,eb291f39ff72051e
/track-e/kl09/units/unit06-interview-and-portrait/,084c05fffaf8441cb9d33180e0bb0764,2026-08-21,2788bc21a504aab8
/track-e/kl09/units/unit07-mediation-news-article-exam/,0866584d1d7348e88354fd765c70af50,2026-08-21,1e7cc8a249b354e9
/track-e/kl09/units/unit07-mediation-news-article/,085d344d91c64c1fbb795c6051d37eff,2026-08-21,fb0dec3810c0b961
/track-e/kl09/units/unit08-inequality-and-voice-exam/,08920dfb176b4fcaad32e36a547d2ed8,2026-08-21,52df76ac0cd3cf2b
/track-e/kl09/units/unit08-inequality-and-voice/,0879aac216fa46b6b6da31678286aa93,2026-08-21,719d53d9d0cc5770
/track-e/kl09/units/unit09-short-fiction-exam/,08a949e63f304f69bd3cd1c9d390a078,2026-08-21,5750e2a7031cf925
/track-e/kl09/units/unit09-short-fiction/,089398916e434e2b83e7c55b55d8be98,2026-08-21,230c64fe249f4a73
/track-e/kl09/units/unit10-application-letter-exam/,08af4110b6af493d8a2a744e351f0e7d,2026-08-21,139b0e7130e65372
/track-e/kl09/units/unit10-application-letter/,08aa9d2aab534b099d2c25811f3c5cdd,2026-08-21,4cb603bfb33403cf
/track-e/kl09/units/unit11-debate-and-discussion-exam/,08d8f221a538469eacb398346a51ae53,2026-08-21,2eb6bb2c762a8ec1
/track-e/kl09/units/unit11-debate-and-discussion/,08bdf72754dc4ad390a2f3b6d4ed36f8,2026-08-21,8a06882ff7ffa4ab
/track-e/kl09/units/unit12-year-review-portfolio-exam/,08f8a4d4fb9941fc9c1a4d7f9c9ee88d,2026-08-21,919c2f684b97b94d
/track-e/kl09/units/unit12-year-review-portfolio/,08f329d19cf54630a9a186fef27049d3,2026-08-21,baf561af5cde40c4
/track-e/kl10/units/unit01-identity-in-a-global-world-exam/,090e57294a1e4bb7a56eb727f6eabddf,2026-08-21,725e9d0a81e3ea8c
/track-e/kl10/units/unit01-identity-in-a-global-world/,0909c490cfd24eacbbea8bc9a4679f53,2026-08-21,6ab2ffb9401ac16d
/track-e/kl10/units/unit02-the-world-of-work-exam/,0940a62dd8ab4dc6815a7730cee01b92,2026-08-21,527cea1c17d81d48
/track-e/kl10/units/unit02-the-world-of-work/,091ec5722b384a5e93c6d72637c1def6,2026-08-21,1c777a9ae90dadd5
/track-e/kl10/units/unit03-digital-lives-exam/,0956915c57aa4ae8a5c2f78178c64b7d,2026-08-21,a29842f7815f515d
/track-e/kl10/units/unit03-digital-lives/,0954ea3c80894f36bfcff7289e1bbd0a,2026-08-21,84f50d4ac858ad1f
/track-e/kl10/units/unit04-australia-and-new-zealand-exam/,0978a5dd508e4e54897c0491cff131cb,2026-08-21,af2f337dd3428c28
/track-e/kl10/units/unit04-australia-and-new-zealand/,0963668cecac42ffa6fbea81a7000940,2026-08-21,26fd80ff1c8c3698
/track-e/kl10/units/unit05-media-and-democracy-exam/,09b7c679d431485e8e9a302e4f2e9d31,2026-08-21,3d9bceab6bf3bae0
/track-e/kl10/units/unit05-media-and-democracy/,09b4c4cb35db415d80823a42285e4a58,2026-08-21,62d6fe74025aa923
/track-e/kl10/units/unit06-contemporary-short-fiction-exam/,09e5ae99d3f24794aa4c112bdf5f953f,2026-08-21,683d3e52e9632c99
/track-e/kl10/units/unit06-contemporary-short-fiction/,09dd1df9d53d498c90492179f43812b9,2026-08-21,bbe8db1e5fe6aaa3
/track-e/kl10/units/unit07-mediation-feature-article-exam/,0a1b064920384f908d9183b6861f3c57,2026-08-21,ea01b61db28835f4
/track-e/kl10/units/unit07-mediation-feature-article/,09e77bea5aa844cb854151e191b41da7,2026-08-21,e92b563f1fb30c1e
/track-e/kl10/units/unit08-science-and-society-exam/,0a2bfdc8fa624f4085693826a59062ab,2026-08-21,ac851480d8b858c6
/track-e/kl10/units/unit08-science-and-society/,0a1e44bc272f4d538a21f0f8a4ef5c9e,2026-08-21,849bc4c72cffcdc0
/track-e/kl10/units/unit09-youth-protest-movements-exam/,0a5af96271b0448cb30382213865ac77,2026-08-21,0191f9d8d5ea3121
/track-e/kl10/units/unit09-youth-protest-movements/,0a46fafdb73e43d68dc0192391436b96,2026-08-21,e2d2a01907fd7c88
/track-e/kl10/units/unit10-a-short-novel-exam/,0a9617d33aef4c9abf090abd41cbb185,2026-08-21,9fc1032dda2b7e19
/track-e/kl10/units/unit10-a-short-novel/,0a8d89013c294552a406ac41177c3180,2026-08-21,efbeb1044329d002
/track-e/kl10/units/unit11-public-speaking-and-debate-exam/,0a9e12c7a00b4d00ae5c9a9a8f9e122d,2026-08-21,d5f074126163832c
/track-e/kl10/units/unit11-public-speaking-and-debate/,0a9995c01b974f92a5650898a8da124f,2026-08-21,186584f49d29632c
/track-e/kl10/units/unit12-year-review-toward-oberstufe-exam/,0accd9b1612c4d6c8d10bed424df3ef7,2026-08-21,33bc596622bcd80c
/track-e/kl10/units/unit12-year-review-toward-oberstufe/,0abaadc2e09245769937481e6ba013f8,2026-08-21,cb28707f0caddc50
/track-e/kl11/units/unit01-british-cultural-anchors-exam/,0aeeb6fc08194f4db8894507fe4a7571,2026-08-21,e00b2a52fe650636
/track-e/kl11/units/unit01-british-cultural-anchors/,0aeb1d0ade91455db86e5aa184516cec,2026-08-21,38e3a78eaa91395a
/track-e/kl11/units/unit02-the-american-dream-exam/,0afba4716a3d4a0cb880b4ab8232eeb6,2026-08-21,0910ad2eeac4290e
/track-e/kl11/units/unit02-the-american-dream/,0af7db773c384603bb0a8f01f82eb56d,2026-08-21,df10ab639559d642
/track-e/kl11/units/unit03-post-colonial-voices-intro-exam/,0b2a343f26644693a98bbf9ef7ff1d17,2026-08-21,6921bd10a40bf0d4
/track-e/kl11/units/unit03-post-colonial-voices-intro/,0b12961bfe9f4659acbdbcea16892153,2026-08-21,04ae1455d14d24f3
/track-e/kl11/units/unit04-short-stories-and-style-exam/,0b563a4ecd864a319b0b19402a672999,2026-08-21,219fb055f3ff050d
/track-e/kl11/units/unit04-short-stories-and-style/,0b3919bd58e64d24be89a6fd5c266ae2,2026-08-21,722546b4aefbe03c
/track-e/kl11/units/unit05-poetry-from-the-anthology-exam/,0b7fea98a94b4d85b9c051ed11e1671c,2026-08-21,6f0b36684445b5b5
/track-e/kl11/units/unit05-poetry-from-the-anthology/,0b76f49e6bc74bbd9aa12e9bcbca18d9,2026-08-21,eaf04d0e08c9235b
/track-e/kl11/units/unit06-media-literacy-advanced-exam/,0bb6f6c7133c4f009fb3082bfe5affd8,2026-08-21,2abb9d1172ddfe4e
/track-e/kl11/units/unit06-media-literacy-advanced/,0babfdcb4bc74c32bd628613ed74d4ac,2026-08-21,5cba7caf06621a5c
/track-e/kl11/units/unit07-mediation-as-a-skill-exam/,0bd996fbb07d472b8c8e158acda04d13,2026-08-21,2a9be56994c8ef03
/track-e/kl11/units/unit07-mediation-as-a-skill/,0bd24b31381e4c22baab74d4e7f6bcc9,2026-08-21,b50d8c8cd4812039
/track-e/kl11/units/unit08-opinion-essay-writing-exam/,0c085ae8e9304cc1bd4794500fa9807a,2026-08-21,3e9408468f41bf66
/track-e/kl11/units/unit08-opinion-essay-writing/,0c02597e9c8c4c498e95c1098b95426c,2026-08-21,68f4534d8d7c46d4
/track-e/kl11/units/unit09-a-modern-novel-bf-exam/,0c4ae68364fd41d0b4e76fd62c4b5b86,2026-08-21,58432f21d6d1b638
/track-e/kl11/units/unit09-a-modern-novel-bf/,0c18955c88dc4848af12ce0571070fdc,2026-08-21,403dc9eb750c6044
/track-e/kl11/units/unit10-a-classic-text-lf-exam/,0c5af961fa2d46beb1033ae629c556fe,2026-08-21,610ad48fac249282
/track-e/kl11/units/unit10-a-classic-text-lf/,0c597fc3d6064c408c9a3699508bf373,2026-08-21,874677641916f8cf
/track-e/kl11/units/unit11-public-speaking-prep-exam/,0c6fbb2bbd6d4a89823966c852082cba,2026-08-21,f4fac026fb23a5cb
/track-e/kl11/units/unit11-public-speaking-prep/,0c6502c7dc2c44a989043d7fbf302f57,2026-08-21,503db26c99f8b452
/track-e/kl11/units/unit12-klausur-prep-exam-rehearsal-exam/,0c9d5e9496eb4cc786f5253bb2403fed,2026-08-21,c4adba7963b1b6d7
/track-e/kl11/units/unit12-klausur-prep-exam-rehearsal/,0c72af6f536c455ea9c91f18e820063f,2026-08-21,e0d499e73d3b338c
/track-e/kl12/units/unit01-dystopias-exam/,0d22afbfc9a14e32a7d7b0651e591a04,2026-08-21,6da4c9beef6d5223
/track-e/kl12/units/unit01-dystopias/,0cd2593abd47405eab11aced48bdfb62,2026-08-21,8ff8b28fe64d2ded
/track-e/kl12/units/unit02-globalisation-debates-exam/,0d292d8e22124b23bdd0f4bced388998,2026-08-21,58179e3b10d5f06a
/track-e/kl12/units/unit02-globalisation-debates/,0d24e36056694072ade61362c032e733,2026-08-21,93d885a90077f053
/track-e/kl12/units/unit03-science-and-ethics-exam/,0d40103e1c0146a598f8d86f1397bab2,2026-08-21,e6d9261a26c6acc5
/track-e/kl12/units/unit03-science-and-ethics/,0d39a6cd0e0845ba9afde00710bc593b,2026-08-21,d216339eca6b319a
/track-e/kl12/units/unit04-shakespeare-extract-exam/,0d531715ec914cd9a4e2d9664f3384e6,2026-08-21,137e70f83232de07
/track-e/kl12/units/unit04-shakespeare-extract/,0d44b390f7f7425e9a943d2a1a95057e,2026-08-21,2d4a0ba3496ca731
/track-e/kl12/units/unit05-political-discourse-exam/,0d71f4e4464e4018adea79d0e111c07f,2026-08-21,2b9e474006981f5a
/track-e/kl12/units/unit05-political-discourse/,0d665d643ac6499a8a9c8595b37b7fca,2026-08-21,0a1ae364f5886f4a
/track-e/kl12/units/unit06-the-non-fiction-essay-exam/,0d8b9e2e45104ab9bb116e214331849b,2026-08-21,a9918d5b3d7c779e
/track-e/kl12/units/unit06-the-non-fiction-essay/,0d7bb0e1af444be8b4d7fc8810a47130,2026-08-21,192b0b8503f726c4
/track-e/kl12/units/unit07-mediation-academic-text-exam/,0d9e8354137c4363960c111bd4ec51b1,2026-08-21,009f04e917b362b4
/track-e/kl12/units/unit07-mediation-academic-text/,0d9a5ca950b74b66a1e1c5037d342ea1,2026-08-21,57435e42e689ea93
/track-e/kl12/units/unit08-post-colonial-voices-advanced-exam/,0dbf0c04e221459ebb0fd1926a64812d,2026-08-21,7351d4077a96aa39
/track-e/kl12/units/unit08-post-colonial-voices-advanced/,0daf160c90014adbb2c7dc7707fcc08a,2026-08-21,93323055aa5a3803
/track-e/kl12/units/unit09-a-novel-in-full-exam/,0dc9bd8b392a4a6ab84786f7b0ba664c,2026-08-21,b27ba7fe18e3211f
/track-e/kl12/units/unit09-a-novel-in-full/,0dc68767305e49d2b711c63aee92745e,2026-08-21,04724e32c7a66d58
/track-e/kl12/units/unit10-kommunikationspruefung-mock-exam/,0dd3ef79bf9a4f9c8ebe3f700b933988,2026-08-21,faa51cb4ebe6ee1c
/track-e/kl12/units/unit10-kommunikationspruefung-mock/,0dd114733da24566a1d21208359d03c9,2026-08-21,5e26e6ac03b48e58
/track-e/kl12/units/unit11-klausur-comprehension-analysis-exam/,0de63e6de74a4942ae44aa571f84c789,2026-08-21,851b0a9cacfc9850
/track-e/kl12/units/unit11-klausur-comprehension-analysis/,0dd7a9c66b9c434f9540435c4692bb21,2026-08-21,a359c55d4fe34cb5
/track-e/kl12/units/unit12-klausur-composition-and-comment-exam/,0e323b03fe9a4383ad670df82ec4ed17,2026-08-21,7c8c26723ab23e95
/track-e/kl12/units/unit12-klausur-composition-and-comment/,0e28b39da3264454b9977d762a18acf6,2026-08-21,347210332a102299
/track-e/kl13/units/unit01-globalisation-and-the-self-exam/,0e906f638d214a6d8dc664ff6348b121,2026-08-21,f43c72d110b93a26
/track-e/kl13/units/unit01-globalisation-and-the-self/,0e671eefdde5448ca720f14b77768c24,2026-08-21,b056bea15db95a47
/track-e/kl13/units/unit02-political-discourse-advanced-exam/,0ea30b9d5c1c4931a5cfa84b1dce39ba,2026-08-21,f45075f2358a97bd
/track-e/kl13/units/unit02-political-discourse-advanced/,0e99b5b783fd4a4f9456d4b2fe425208,2026-08-21,48802e9a6faa44c4
/track-e/kl13/units/unit03-dystopias-and-utopias-exam/,0ebfd4acf2f446478b2c292a63d48d64,2026-08-21,0fa8c77b15fcfbd5
/track-e/kl13/units/unit03-dystopias-and-utopias/,0ebba1650c624230b0c953679cc9e9cf,2026-08-21,55fa4bce80af78d3
/track-e/kl13/units/unit04-contemporary-poetry-exam/,0ede4d4948074fcc9b564b010c57b402,2026-08-21,07ec7ae81c1f1b94
/track-e/kl13/units/unit04-contemporary-poetry/,0ec2936c46dd4514bb7dd73646c5addc,2026-08-21,945e8f8959099edb
/track-e/kl13/units/unit05-media-and-public-opinion-exam/,0f1353d7011641f4afd276ceff181d59,2026-08-21,ebed592957878922
/track-e/kl13/units/unit05-media-and-public-opinion/,0ef0e07f1bdd495cb92143338cce4f72,2026-08-21,35d141abf0658b57
/track-e/kl13/units/unit06-mediation-policy-text-exam/,0f27ca5b00bb4b1cb8c2b3f8bece2c69,2026-08-21,3c55992076945038
/track-e/kl13/units/unit06-mediation-policy-text/,0f2387325262478487e6d03a4a354b22,2026-08-21,5999e487c3de980d
/track-e/kl13/units/unit07-the-abitur-essay-exam/,0f415ac55e5c4494aea5638434ad95fb,2026-08-21,143dd7ac05c9b14d
/track-e/kl13/units/unit07-the-abitur-essay/,0f3848feffb2479b88810f9a7a41b772,2026-08-21,bf23ba60c5bc7ed0
/track-e/kl13/units/unit08-the-abitur-comprehension-exam/,0f7596a6383a489f9f6daf721983d05b,2026-08-21,e849cf7cc42dfdbd
/track-e/kl13/units/unit08-the-abitur-comprehension/,0f72f429b8c8446bb8282cfa9d4ce656,2026-08-21,d415e2ccb9072019
/track-e/kl13/units/unit09-the-abitur-analysis-exam/,0fbd9e3c4c05431aaf7cfa9fb49ba2e4,2026-08-21,04d48239566ef85e
/track-e/kl13/units/unit09-the-abitur-analysis/,0f810d309303437a9cb96973e855e438,2026-08-21,7437a8b973bf6589
/track-e/kl13/units/unit10-kommunikationspruefung-full-mock-exam/,0fde094b7e124ffdb29dd70df307596b,2026-08-21,58e1c3ca5733504a
/track-e/kl13/units/unit10-kommunikationspruefung-full-mock/,0fc059f2b4304cbb99947bb5e073644a,2026-08-21,3381d56acec0c84b
/track-e/kl13/units/unit11-issue-framed-debate-exam/,10267196a7fb4fbf8aaa5a7bd4cc6ef4,2026-08-21,dffbd556cfee26fd
/track-e/kl13/units/unit11-issue-framed-debate/,0ff8753a2faf4b27b30abc9a52cdbfeb,2026-08-21,7d9ba11dbf3683e6
/track-e/kl13/units/unit12-year-review-and-handover-exam/,10364cfcd0cd4cc2b1dc03d41a4262df,2026-08-21,e8cb5c7015b30c2c
/track-e/kl13/units/unit12-year-review-and-handover/,1029244baf5c415898e90173a9b1d9ef,2026-08-21,8bf1dd45d339f1fb
/track-gm/kl05/units/unit01-hello-world-exam/,109954c48abe4fdea30fba8a80ef94c5,2026-08-21,a6989378315a920b
/track-gm/kl05/units/unit01-hello-world/,108a7765f0404f52b533459f4ddc7e88,2026-08-21,933902a1fa844b36
/track-gm/kl05/units/unit02-my-family-exam/,10a7cf53894a46f38a36c2c0261bf300,2026-08-21,38574008541c8033
/track-gm/kl05/units/unit02-my-family/,109ea94e035e4ceab69cfa2c8d681496,2026-08-21,f00b6d81016644cd
/track-gm/kl05/units/unit03-home-and-room-exam/,10deeb9782434644a1cd970730769cc5,2026-08-21,e1f4582c839738e7
/track-gm/kl05/units/unit03-home-and-room/,10c544dce5844ef2ab6ee5026e7c7401,2026-08-21,efc57e785979fb8b
/track-gm/kl05/units/unit04-school-day-exam/,10e852260e214aeab66b6d0ebaacb52f,2026-08-21,d49d14b6cd8983bc
/track-gm/kl05/units/unit04-school-day/,10e72b49163842b59b655601911c787e,2026-08-21,8ba989b7d23ea02d
/track-gm/kl05/units/unit05-food-and-drinks-exam/,110ab037008f4a7d9e209c2eef15e126,2026-08-21,ce627515dc881361
/track-gm/kl05/units/unit05-food-and-drinks/,11009a5944f642399abddc97150b3322,2026-08-21,a3eb52c88fa7e27e
/track-gm/kl05/units/unit06-animals-and-pets-exam/,1119f03ebdf4487b90f7e3ecc64bde46,2026-08-21,ee14d8d38c393d23
/track-gm/kl05/units/unit06-animals-and-pets/,1110d1fe4fd74785abf60842f86d3b0d,2026-08-21,ce1e15bbab49fd9a
/track-gm/kl05/units/unit07-weather-and-seasons-exam/,1135a9ddbe1745928b5bebdc01fa6461,2026-08-21,10f211a97c1e41f2
/track-gm/kl05/units/unit07-weather-and-seasons/,111ccdc0a85349cd844a2c194e5b714c,2026-08-21,d611ab100eb41226
/track-gm/kl05/units/unit08-hobbies-and-sports-exam/,116379a52e7e4c08ac108bac3613bb7d,2026-08-21,9e05a501263a0f40
/track-gm/kl05/units/unit08-hobbies-and-sports/,11566c3ad8344b0dac4ea27d18a4645d,2026-08-21,c2a0016abdac8e62
/track-gm/kl05/units/unit09-birthday-and-friends-exam/,117761451b31437d858b6746aae82d89,2026-08-21,5f320ec855cd3356
/track-gm/kl05/units/unit09-birthday-and-friends/,1168185e5ef843ff8149c546fbf82cc4,2026-08-21,8b83edf02f009c7f
/track-gm/kl05/units/unit10-a-day-in-london-exam/,1180adc7ca604f8f9e7d1d0bb26a9713,2026-08-21,49129edc1684ee5d
/track-gm/kl05/units/unit10-a-day-in-london/,117ac5628bd842fa8d2d3d6eebc42a30,2026-08-21,997b23b27fdb2401
/track-gm/kl05/units/unit11-clothes-and-colours-exam/,11d50de72eee4a378228cb11fa693092,2026-08-21,40a0c57a7c48af0a
/track-gm/kl05/units/unit11-clothes-and-colours/,11aaddc8332e47dcac4f7b5c3db6f410,2026-08-21,477ce4690fbb4961
/track-gm/kl05/units/unit12-review-and-show-exam/,11e4dda17a67403299fca1e8ffb90855,2026-08-21,0417edb1f64a7f86
/track-gm/kl05/units/unit12-review-and-show/,11e232f8a8e447959271439f88d23834,2026-08-21,c393fc93c4181269
/track-gm/kl06/units/unit01-a-new-year-at-school-exam/,12368cb3a51249d686276c86395f4913,2026-08-21,184d097ba018d4da
/track-gm/kl06/units/unit01-a-new-year-at-school/,1212f243a0c54d5eb34bfeff384aca54,2026-08-21,7debb146e7842eea
/track-gm/kl06/units/unit02-on-holiday-exam/,127cdcf359c94e57aa29c89f8ab74705,2026-08-21,c7dcf0eeb48ea83d
/track-gm/kl06/units/unit02-on-holiday/,12573109f0024aaa8693fe04858b0a1f,2026-08-21,246e5973d0d9bf14
/track-gm/kl06/units/unit03-in-the-city-exam/,12a350d826cb447cb393336df318264b,2026-08-21,55643e5cdb6fcf23
/track-gm/kl06/units/unit03-in-the-city/,12a111e2dac5449dbfceda59b2c51b93,2026-08-21,96ea5533c1b20610
/track-gm/kl06/units/unit04-food-around-the-world-exam/,12bfe29db7574131b61739214286963c,2026-08-21,a6aec2c398a14d8c
/track-gm/kl06/units/unit04-food-around-the-world/,12a93c3db5614f2d959e68096b2a1657,2026-08-21,8d497e997127ad68
/track-gm/kl06/units/unit05-daily-routines-exam/,12e1c36d2b2d4e2eba6e39b1fd91e5f1,2026-08-21,95ddce1d906a1dec
/track-gm/kl06/units/unit05-daily-routines/,12dab4cb4ac94866b2e62c2fa6d308ad,2026-08-21,e5da620a762f3809
/track-gm/kl06/units/unit06-friends-and-feelings-exam/,12e42c8285944b25b42265a5f517fee3,2026-08-21,4ca8fb80c4996c8a
/track-gm/kl06/units/unit06-friends-and-feelings/,12e3fe074f754916ac8609828f8ea273,2026-08-21,a8f989250029d4c7
/track-gm/kl06/units/unit07-an-adventure-story-exam/,130295e4e6af43d39cd6f821c9f0caa8,2026-08-21,11af5229dab3e815
/track-gm/kl06/units/unit07-an-adventure-story/,12ecafed9aa7448d8b1baf48d37023b7,2026-08-21,3440c62d7790110f
/track-gm/kl06/units/unit08-school-around-the-world-exam/,1316c36053ea48c5b8461db411fbc2cb,2026-08-21,dff6a4cf4dc7c5da
/track-gm/kl06/units/unit08-school-around-the-world/,131347abe36d47f7acd347b781880818,2026-08-21,c894625957dc75aa
/track-gm/kl06/units/unit09-body-and-health-exam/,1317ca3b689d4e5da51316732a912025,2026-08-21,35040edf51b1e87d
/track-gm/kl06/units/unit09-body-and-health/,13170f4b528a4aa7addd9a9b28ff69c2,2026-08-21,2d1168e434ab1b72
/track-gm/kl06/units/unit10-travelling-by-train-exam/,1350bbfbe61f4263bed47e263475f6da,2026-08-21,db14cacbf7419c5b
/track-gm/kl06/units/unit10-travelling-by-train/,13428ee50ef346daaa911c55146aa522,2026-08-21,478a180590124fd7
/track-gm/kl06/units/unit11-captain-codys-map-exam/,1366aa2c671f4b6fbecda6c8fa611e2f,2026-08-21,b0d6091d229c4e08
/track-gm/kl06/units/unit11-captain-codys-map/,135c048bb8e14908b0e5720756d4d1f7,2026-08-21,8e6581790d2a4694
/track-gm/kl06/units/unit12-year-end-festival-exam/,13ee38c1176c41ad887e9c51b3b48c71,2026-08-21,970182a429558129
/track-gm/kl06/units/unit12-year-end-festival/,1397d398927b4cefb2c7581ce87d7dad,2026-08-21,184a6c674d6a560f
/track-gm/kl07/units/unit01-first-day-back-exam/,143709bd1c364ef2b23e329e47596e77,2026-08-21,4b03ab5bf0f801e0
/track-gm/kl07/units/unit01-first-day-back/,14243585a65c4d6abb40c72f2296929c,2026-08-21,b0f4859ad87fedba
/track-gm/kl07/units/unit02-growing-up-exam/,145c3873c8cd40cab4506e9246d96e11,2026-08-21,0a1f63bc17e76728
/track-gm/kl07/units/unit02-growing-up/,14530bdfd359440093facb10380de606,2026-08-21,d1ffab19099c4a29
/track-gm/kl07/units/unit03-media-in-our-lives-exam/,14717098818645478604509024c90dd7,2026-08-21,1a66cabf500e395c
/track-gm/kl07/units/unit03-media-in-our-lives/,147037dc9ca945ed8bdef90375c27bca,2026-08-21,f6840bce533b5526
/track-gm/kl07/units/unit04-a-trip-to-scotland-exam/,147a2e68196045dfbb665bbff5ea1d99,2026-08-21,2d55990f338c60e9
/track-gm/kl07/units/unit04-a-trip-to-scotland/,1473847bdee64d15abeccc23d354557a,2026-08-21,7ca379478234643e
/track-gm/kl07/units/unit05-the-united-states-today-exam/,14ca9d0647044929b76f253d4495ac9e,2026-08-21,5070a3398d490b72
/track-gm/kl07/units/unit05-the-united-states-today/,14935d6dd69c4e96b2d3d985f491246c,2026-08-21,24b1b0ad5d6be99e
/track-gm/kl07/units/unit06-food-cultures-exam/,14e1d8f6cd924785bbb0e07fae582815,2026-08-21,7d02f4b004dc1420
/track-gm/kl07/units/unit06-food-cultures/,14daa4fc41bb481eb505298a9ce360ef,2026-08-21,a26b21b3c0853cf0
/track-gm/kl07/units/unit07-being-a-friend-exam/,15199e2c92124ebd98a03e84c9121e80,2026-08-21,d214ab9b51fab4ee
/track-gm/kl07/units/unit07-being-a-friend/,14fa033bc72044e8999322dd53244823,2026-08-21,cd23373a31b65a4f
/track-gm/kl07/units/unit08-first-mediation-exam/,15420da270ec458bb50a8b909ac75638,2026-08-21,9253ca5d0b4b80a2
/track-gm/kl07/units/unit08-first-mediation/,153567cb853d475eb4c44c15eaf6ad8c,2026-08-21,71a2e248c153dcb3
/track-gm/kl07/units/unit09-school-rules-and-rights-exam/,15588f163bdd4a8bbdf09b37162a9730,2026-08-21,6d84b98b5df766a8
/track-gm/kl07/units/unit09-school-rules-and-rights/,1549d3eba5f748289398569d236434f8,2026-08-21,340acb7669d2b6c2
/track-gm/kl07/units/unit10-a-short-story-exam/,157bea832c3641af92297de418700591,2026-08-21,46f6c9685205059a
/track-gm/kl07/units/unit10-a-short-story/,15707666bb0f4aef8f0b339ad625a4fa,2026-08-21,8f24515cf4aba7df
/track-gm/kl07/units/unit11-plans-for-the-summer-exam/,15b695a8eea8436d9e3159563535b82d,2026-08-21,b42af41890561af3
/track-gm/kl07/units/unit11-plans-for-the-summer/,1584a24d70f54cbfb67ffd25a27e8a5e,2026-08-21,e563d116c432f294
/track-gm/kl07/units/unit12-year-review-and-podcast-exam/,15dc09c782074001b708c9c1e49ca586,2026-08-21,93d5e6c25529a30c
/track-gm/kl07/units/unit12-year-review-and-podcast/,15b8f0090ebe4d2690285bc62908d15d,2026-08-21,dd18f88b48121650
/track-gm/kl08/units/unit01-identities-exam/,15f3358c77034e849d261904e72d0586,2026-08-21,b6e0780018cdcf54
/track-gm/kl08/units/unit01-identities/,15f08a681fdb4657b9ab4b9b3aadf1f3,2026-08-21,3d02404c8c00f245
/track-gm/kl08/units/unit02-school-life-elsewhere-exam/,1619ed00644c455aae740ed416ceb041,2026-08-21,0d2a74cdb2abf4a4
/track-gm/kl08/units/unit02-school-life-elsewhere/,1610a073d47048c58ae37b365ee3b6fe,2026-08-21,7e072534e4fbaf35
/track-gm/kl08/units/unit03-fairness-at-school-exam/,161daa798ba04d8e96eadc22a41f4521,2026-08-21,dec661ce75d0fa40
/track-gm/kl08/units/unit03-fairness-at-school/,161af12ebe0143eab0d2af21de1364e9,2026-08-21,4e167f6ab6769f9f
/track-gm/kl08/units/unit04-ireland-stories-exam/,16361d552eb74b68b9e3cdb6b5f66911,2026-08-21,775c43ef21819491
/track-gm/kl08/units/unit04-ireland-stories/,1628832ff2414ca7b9937dbecd044c8a,2026-08-21,289fc5807314dd82
/track-gm/kl08/units/unit05-digital-friendships-exam/,165f5b8cbdcc4bf98230fb5c42809967,2026-08-21,3e830f98ce3a77fe
/track-gm/kl08/units/unit05-digital-friendships/,1650099207634f6faa65f728facd4e0b,2026-08-21,e58e7887759fac19
/track-gm/kl08/units/unit06-opinion-writing-exam/,1670ff1f5d1b4f75adb56074d7f7bd4f,2026-08-21,efd61a4d243c647d
/track-gm/kl08/units/unit06-opinion-writing/,1661433fbe6b4ee2b40db82b846ab1e1,2026-08-21,38d0e8a4aa4d59fd
/track-gm/kl08/units/unit07-teen-magazine-mediation-exam/,168e91bb9fbc41e3b725b20673888b67,2026-08-21,8b2929a0678f34cf
/track-gm/kl08/units/unit07-teen-magazine-mediation/,16810d3e7d7f421b8467d58d3d49424c,2026-08-21,f16613e173646a88
/track-gm/kl08/units/unit08-music-and-belonging-exam/,16b7cb3b2704450abba47b1ff116aef9,2026-08-21,bf513547dc3c9f1d
/track-gm/kl08/units/unit08-music-and-belonging/,1694f91be23241df85abab2aeea4641f,2026-08-21,0ff8a622d5ad2f39
/track-gm/kl08/units/unit09-rural-and-urban-exam/,16ed7122eecf43ecbe0894064f67bb5d,2026-08-21,e1d9919059d0513b
/track-gm/kl08/units/unit09-rural-and-urban/,16d62e8c7d9a401d98ef6cff3a864d6d,2026-08-21,10f3492697d7e685
/track-gm/kl08/units/unit10-a-novella-in-class-exam/,171da244f7ba4a6a8d8c44bbc7ed8bf9,2026-08-21,42a8e8a9ea30dd24
/track-gm/kl08/units/unit10-a-novella-in-class/,170fb20257bd4d5f81769f9f5aa43c91,2026-08-21,f7485b5de1b81e89
/track-gm/kl08/units/unit11-public-speaking-exam/,1776e5ab73df42d98712170c9aebd4c8,2026-08-21,a52693291974c9b0
/track-gm/kl08/units/unit11-public-speaking/,176bd822277f48809f66f3cd7f6095b3,2026-08-21,45d69edc09495cbc
/track-gm/kl08/units/unit12-school-magazine-issue-exam/,17965e262c9c487db1a228f6bd43b51c,2026-08-21,3847436a576c454e
/track-gm/kl08/units/unit12-school-magazine-issue/,1795a935bd404cb08efa32b550efac53,2026-08-21,039b93f43c20d12f
/track-gm/kl09/units/unit01-future-careers-exam/,17daaa4cab374d30bf257938fb8127ae,2026-08-21,3cbfacfb6f4dcd5a
/track-gm/kl09/units/unit01-future-careers/,17d93f684f104ea7b4eb0c0ca57f98b2,2026-08-21,91995b0258a832f5
/track-gm/kl09/units/unit02-money-and-choices-exam/,17f7a85c2fcb45f3a746b1f356618e1d,2026-08-21,b58c4cd9f0f54e34
/track-gm/kl09/units/unit02-money-and-choices/,17ed40abe50e4c35a3418627de2f08dc,2026-08-21,299e3c268933ae95
/track-gm/kl09/units/unit03-the-environment-locally-exam/,18015cf5eb714b05b1a895e0e8128d72,2026-08-21,a998590d6030cea4
/track-gm/kl09/units/unit03-the-environment-locally/,17ff33f6088b4f5dac7ef2d055353444,2026-08-21,83df9b729a3d4d9a
/track-gm/kl09/units/unit04-canada-perspectives-exam/,1822721788f0473a93b4dae473c93991,2026-08-21,ded2f8959fa549cd
/track-gm/kl09/units/unit04-canada-perspectives/,181dce816aa24743beddc6421f9911af,2026-08-21,31e4d8a725418ea8
/track-gm/kl09/units/unit05-media-literacy-exam/,18580d1d92c74abe883a9b7a1f7ceb5f,2026-08-21,d38fe20bf0d140ad
/track-gm/kl09/units/unit05-media-literacy/,182568f165f2421dabfcb65d09c899d3,2026-08-21,d6278062a42379f5
/track-gm/kl09/units/unit06-interview-and-portrait-exam/,186a738e37df44519adae4e5160641d0,2026-08-21,0978d154ae263f3d
/track-gm/kl09/units/unit06-interview-and-portrait/,186711add5624c48ac396af55cb07328,2026-08-21,d6a4c6a096d64ef5
/track-gm/kl09/units/unit07-mediation-news-article-exam/,1886158c7a574268b52ec97966cb3350,2026-08-21,643b5be33fa52d54
/track-gm/kl09/units/unit07-mediation-news-article/,18849158a47e43fc8aca2535582ba473,2026-08-21,4c425d06e3a30285
/track-gm/kl09/units/unit08-inequality-and-voice-exam/,190c39045a5c4324b67345ed8709320b,2026-08-21,ba4cfeaf97c6a060
/track-gm/kl09/units/unit08-inequality-and-voice/,18b5798b50ff4c3ba5aa3da84692f756,2026-08-21,268ced1a05c9a38b
/track-gm/kl09/units/unit09-short-fiction-exam/,19207084f492498bb852983b0542ad95,2026-08-21,993870d627226448
/track-gm/kl09/units/unit09-short-fiction/,19155690d79e43409189a6465a406e45,2026-08-21,1dded8ee75d7d964
/track-gm/kl09/units/unit10-application-letter-exam/,192a7b127b704877ad13c9341a503908,2026-08-21,41ab92abce8fc77d
/track-gm/kl09/units/unit10-application-letter/,192560fbf95c41e4836e114c1f25d549,2026-08-21,01dfdfc1ba26587a
/track-gm/kl09/units/unit11-debate-and-discussion-exam/,194932ebd3c641a2a8f81f732b1f529e,2026-08-21,0d4fb37e7d8e9806
/track-gm/kl09/units/unit11-debate-and-discussion/,19377004d8bc449f9283c2b381966f0a,2026-08-21,302f7f56fa978015
/track-gm/kl09/units/unit12-year-review-portfolio-exam/,195145596f124e9395687152f2279f8e,2026-08-21,c7dd1fc9b73c0257
/track-gm/kl09/units/unit12-year-review-portfolio/,194a76445de544a79a950a61107db84f,2026-08-21,4da49881bc1b96c3
/track-gm/kl10/units/unit01-transition-after-grade-10-exam/,19a64f6fa204402dbbbd314a01c2e20b,2026-08-21,043003ee4e23a82a
/track-gm/kl10/units/unit01-transition-after-grade-10/,196c59c8b51d4ea2a0d640d363c4bfd7,2026-08-21,ab6fcd063a17a29b
/track-gm/kl10/units/unit02-the-world-of-work-exam/,19e214cabbab44c380031ea32b59feb3,2026-08-21,c7050ae994498933
/track-gm/kl10/units/unit02-the-world-of-work/,19c3eb82c69243c2808cdf051aa47cf6,2026-08-21,edf23afd36780b45
/track-gm/kl10/units/unit03-digital-lives-at-work-exam/,19e7691f9603421c8e9a19529ac3a30e,2026-08-21,7cdb1afaf68ee685
/track-gm/kl10/units/unit03-digital-lives-at-work/,19e4c1b5aab8444c9c1ffea2644da60e,2026-08-21,b3e59e0b8736ce5a
/track-gm/kl10/units/unit04-australia-now-exam/,1a099b12f07f4c769f15174c253ed70c,2026-08-21,4b381aff82f23c19
/track-gm/kl10/units/unit04-australia-now/,19fc922efbdc4d888af1c32c46d3ba38,2026-08-21,e28b168e10c1d5bb
/track-gm/kl10/units/unit05-media-and-truth-exam/,1a27ab95f1554a1fba77187583c108e6,2026-08-21,100619b0e296b8f4
/track-gm/kl10/units/unit05-media-and-truth/,1a0a827f69274f96a6e492ab19f5a623,2026-08-21,14cefe9554885a4d
/track-gm/kl10/units/unit06-contemporary-short-fiction-exam/,1a4ef501a9b241f79940dad338942bac,2026-08-21,9d2b68413ff3f15e
/track-gm/kl10/units/unit06-contemporary-short-fiction/,1a3412de96d7419b90426dda55d9f9dd,2026-08-21,ef817f888ac5b402
/track-gm/kl10/units/unit07-mediation-workplace-text-exam/,1a6d704f52414617b56dd2ed117fae1c,2026-08-21,339e75a915b435ef
/track-gm/kl10/units/unit07-mediation-workplace-text/,1a51996ad7d1435aa4d74c0211457b89,2026-08-21,b5e680b568ddf55c
/track-gm/kl10/units/unit08-civic-english-exam/,1ab6e666fb58488c8699efa06831a3b2,2026-08-21,c11ea84340058d72
/track-gm/kl10/units/unit08-civic-english/,1aa80acc2c8044028fa5ad96c3fa356b,2026-08-21,ff917ff092ee308b
/track-gm/kl10/units/unit09-youth-and-the-future-exam/,1ac4df2941bb479a93b56de6391bd2cf,2026-08-21,817f576a806303d7
/track-gm/kl10/units/unit09-youth-and-the-future/,1ab7907c31a04ac3831ea08405ab7b80,2026-08-21,8f3973d11717cfb6
/track-gm/kl10/units/unit10-project-and-presentation-exam/,1ad77300520148b7acc15b0177fdf946,2026-08-21,3bd232995e36e6b5
/track-gm/kl10/units/unit10-project-and-presentation/,1acfb594f2a64162a3f5b2527f6e3796,2026-08-21,12e8e69981e46d0b
/track-gm/kl10/units/unit11-a-short-novel-exam/,1aeb8e7c667e4cd3a98a353745124900,2026-08-21,46718faede673508
/track-gm/kl10/units/unit11-a-short-novel/,1ade3c36560345c2bcddce27ff528c3a,2026-08-21,c6f5a1e0276b262f
/track-gm/kl10/units/unit12-year-review-graduation-exam/,1b0a82d2104f4bcc8c310d4a7a0bd306,2026-08-21,8e1abc30bd768eb9
/track-gm/kl10/units/unit12-year-review-graduation/,1aed751f3258460abc5ff31a6411c710,2026-08-21,383575322a48a767
